Top consultas,Cliques,Impressões,CTR,Posição
taxi dog uberlandia,22,255,8.63%,5.55
táxi dog uberlândia,9,70,12.86%,3.06
pet shop uberlandia,8,265,3.02%,9.06
amor e patas,7,116,6.03%,2.55
banho e tosa uberlandia,5,656,0.76%,6.09
amor e patas pet shop,5,95,5.26%,4.2
taxi dog,2,69,2.9%,3.68
petshop uberlandia,2,55,3.64%,10.15
taxidog,2,8,25%,3.5
banho e tosa,1,289,0.35%,5.32
táxi dog,1,24,4.17%,4.79
petshop,1,22,4.55%,4.55
pet shop uberlândia,1,16,6.25%,17.62
taxi pet,1,8,12.5%,3.38
pet taxi dog,1,4,25%,2.5
pet shop tosa,1,2,50%,5
taxi dog 24h,1,1,100%,1
taxi dog perto de mim,1,1,100%,1
qual deles é o melhor,1,1,100%,3
taxi de cachorro,1,1,100%,4
banho e tosa perto de mim,0,209,0%,5.96
amor de patas pet shop,0,160,0%,9.32
pet shop perto de mim,0,85,0%,7.11
pet shop uberlândia perto de mim,0,68,0%,8.4
pet shop alto umuarama,0,66,0%,3.44
pet shop,0,64,0%,9.59
pet spa uberlandia,0,43,0%,8.91
banho e tosa uberlândia,0,41,0%,15.12
amor em patas pet shop,0,40,0%,7.9
pet shop em uberlândia,0,30,0%,16.93
banho e tosa a domicílio perto de mim,0,28,0%,10.86
banho e tosa com amor,0,28,0%,50.96
pet shop banho e tosa perto de mim,0,22,0%,5.86
pet shop banho e tosa,0,21,0%,4.48
amor & patas pet shop e estética animal,0,18,0%,1.78
amor e pet banho e tosa,0,18,0%,2.5
amor de patas,0,16,0%,2.25
amor de patinhas,0,15,0%,2.67
banho tosa perto de mim,0,13,0%,5.08
pet grooming,0,12,0%,1
pet shop em uberlandia,0,12,0%,23.33
petshop banho e tosa,0,11,0%,5.73
pet shop uberlândia mg,0,11,0%,6.91
banho e tosa móvel uberlândia,0,11,0%,7.45
banho e toda,0,10,0%,6.1
pet shop dom almir,0,10,0%,9.4
banho e tosa proximo a mim,0,9,0%,4.44
ama pet shop,0,9,0%,5.78
pet shop amor de patas,0,9,0%,8.56
banho tosa,0,8,0%,7
banho pet perto de mim,0,8,0%,8.25
amor e pet,0,7,0%,1.86
pet shop floriano peixoto,0,7,0%,4.43
pet shop com taxi dog,0,7,0%,5.14
banho e tosa movel,0,7,0%,5.57
pet shop pelos e patas,0,7,0%,7
pet shop jardim brasilia,0,6,0%,1
táxi pet,0,6,0%,3.83
transporte de cachorro,0,6,0%,4.17
pet shop perto de mim bem avaliados,0,6,0%,4.67
pet shop amor animal,0,6,0%,6
banho e tosa barato perto de mim,0,6,0%,7.5
pet shop proximo a mim,0,6,0%,13.67
tax dog,0,5,0%,4.2
pet,0,5,0%,4.4
petshop perto de mim,0,5,0%,4.6
banho e tosa mais próximo,0,5,0%,5.2
banho e tosa em uberlandia,0,5,0%,7
banho e tosa próximo a mim,0,5,0%,7
clínica veterinária e pet shop amor e patas,0,5,0%,8.4
banho cachorro perto de mim,0,5,0%,9.8
amor de cão uberlandia,0,5,0%,11.6
pet shop em uberlândia mg,0,5,0%,17
pet shop perto de mim banho e tosa,0,5,0%,24.4
amor em patas,0,4,0%,1.5
pet shop jardim brasília,0,4,0%,1.5
tosa e banho,0,4,0%,3.75
banho de cachorro perto de mim,0,4,0%,4.25
estetica animal,0,4,0%,4.75
tosa de cachorro perto de mim,0,4,0%,4.75
groomer,0,4,0%,5
pet banho e tosa perto de mim,0,4,0%,6
lava e tosa perto de mim,0,4,0%,6.25
banho e tosa barato,0,4,0%,6.5
loja pet,0,4,0%,8.75
spa pet banho e tosa,0,4,0%,9.75
banho e tosa a domicilio,0,4,0%,15.25
pet shop mais próximo,0,3,0%,1
tosa,0,3,0%,1
pet shop próximo a mim,0,3,0%,2.67
taxi dog banho e tosa,0,3,0%,3
transporte para pet,0,3,0%,3
taxi para cachorro,0,3,0%,3.67
tosa e banho pet,0,3,0%,3.67
pet groomer,0,3,0%,4.33
banho e tosa com táxi dog perto de mim,0,3,0%,4.67
transporte pet,0,3,0%,4.67
banho e toda perto de mim,0,3,0%,5
banho e tosa pet perto de mim,0,3,0%,5
banho e tosa perto,0,3,0%,5.33
pet shop umuarama,0,3,0%,6
tosa e banho perto de mim,0,3,0%,6
melhor pet shop,0,3,0%,6.33
centro de estetica animal,0,3,0%,6.67
pet shop movel uberlandia,0,3,0%,7.33
petshop banho e tosa perto de mim,0,3,0%,7.33
pet shop banho em gato perto de mim,0,3,0%,8.67
pet shop perto de mim dentro de 800 m,0,3,0%,9
banho e tosa shopping park,0,3,0%,10.33
banho a domicilio cachorro,0,3,0%,11
banho e tosa nas proximidades,0,3,0%,11
baby patas pet store,0,3,0%,12
pet shop perto de mim abertos agora,0,3,0%,15
pet shop banho,0,3,0%,24.67
pet uberlândia,0,3,0%,40
banho e tossa,0,2,0%,1
banho pet,0,2,0%,1
best pet grooming services,0,2,0%,1
tosa a domicilio,0,2,0%,1
banho em pet perto de mim,0,2,0%,1.5
banho e tosa com taxi dog,0,2,0%,2
pet patas e pelos,0,2,0%,2
pet shop perto,0,2,0%,2
esteticista animal,0,2,0%,2.5
táxi pet perto de mim,0,2,0%,2.5
pet shop aqui perto,0,2,0%,3
transporte de animais,0,2,0%,3
amor pet shop,0,2,0%,3.5
transporte de pet,0,2,0%,3.5
banho tosa pet,0,2,0%,4
pet e shop banho e tosa,0,2,0%,4
banho e tosa perto de mim dentro de 400 m,0,2,0%,4.5
onde tem banho e tosa perto de mim,0,2,0%,5.5
pet shop para banho e tosa perto de mim,0,2,0%,5.5
banho e tosa proximos a mim,0,2,0%,6
pet shop taxi dog,0,2,0%,6
banho e tosa centro,0,2,0%,6.5
banho e tosa para cachorro perto de mim,0,2,0%,6.5
amor por patas pet shop,0,2,0%,7
banho para pet perto de mim,0,2,0%,7
lugar para dar banho em cachorro perto de mim,0,2,0%,7
pelos e patas pet shop,0,2,0%,8
banho e tosa a domicílio uberlândia,0,2,0%,8.5
banho e tosa móvel,0,2,0%,9.5
loja de pet shop,0,2,0%,10
banho pet a domicílio,0,2,0%,10.5
veterinaria perto de mim,0,2,0%,12
amor com patas,0,2,0%,12.5
banho e tosa gato perto de mim,0,2,0%,26.5
loja pet uberlandia,0,2,0%,76.5
amor & patas,0,1,0%,1
amor animal,0,1,0%,1
amor em 4 patas,0,1,0%,1
banho e tosa em gato,0,1,0%,1
banho e tosa em gatos,0,1,0%,1
banho em cachorro,0,1,0%,1
banho em coelho pet shop,0,1,0%,1
casa do amor,0,1,0%,1
contato,0,1,0%,1
dog taxi,0,1,0%,1
groomer pet,0,1,0%,1
onde tosar cachorro,0,1,0%,1
patas e pelos,0,1,0%,1
patas pet shop,0,1,0%,1
pet para banho perto de mim,0,1,0%,1
pet shop cortar unha de cachorro,0,1,0%,1
pet shop dentro de 800 m,0,1,0%,1
pet shop estrela dalva,0,1,0%,1
pet shop flamboyant,0,1,0%,1
pet shop granja marileusa,0,1,0%,1
petlove uberlândia,0,1,0%,1
pets uberlandia,0,1,0%,1
petshop abertos agora,0,1,0%,1
petshop umuarama,0,1,0%,1
quanto custa cortar unha de cachorro,0,1,0%,1
taxi para pets,0,1,0%,1
taxi per,0,1,0%,1
toelettatura cani,0,1,0%,1
tosa em lulu,0,1,0%,1
tosa especializada em spitz alemão,0,1,0%,1
amor e patas clinica veterinária,0,1,0%,2
amor pet,0,1,0%,2
banho em gatos perto de mim,0,1,0%,2
cio de cachorro,0,1,0%,2
clínica veterinária amor de patas,0,1,0%,2
faça um top 20,0,1,0%,2
grommer,0,1,0%,2
grooming estetica,0,1,0%,2
limp e hidrat petz,0,1,0%,2
o que fazer se cortar a unha do cachorro e sangrar,0,1,0%,2
pata de ouro pet shop,0,1,0%,2
patas shop,0,1,0%,2
pet da paty,0,1,0%,2
pet shop amor de pet,0,1,0%,2
pet shop próximo de mim,0,1,0%,2
pet shop umuarama banho e tosa,0,1,0%,2
quero,0,1,0%,2
tem mais aí,0,1,0%,2
amor em pet,0,1,0%,3
amoras pet,0,1,0%,3
banho e tosa animal,0,1,0%,3
banho e tosa especializado em spitz alemão perto de mim,0,1,0%,3
banho e tosa taxi dog,0,1,0%,3
banho e tosa umuarama,0,1,0%,3
banhone tosa,0,1,0%,3
cabelo perto da orelha,0,1,0%,3
contatos telefonicos,0,1,0%,3
para cães,0,1,0%,3
pet estetica,0,1,0%,3
pet taxi,0,1,0%,3
porte médio,0,1,0%,3
solucao para limpar ouvido do cachorro,0,1,0%,3
taxi animal,0,1,0%,3
telefone banho e tosa,0,1,0%,3
tosa baby em shitzu,0,1,0%,3
triflex limpeza de ouvido,0,1,0%,3
táxi pets,0,1,0%,3
uber pet uberlândia,0,1,0%,3
apromazin gotas,0,1,0%,4
bamho e tosa,0,1,0%,4
banho e tosa de animais,0,1,0%,4
"banho e tosa dentro de 1,6 km",0,1,0%,4
banho e tosa.,0,1,0%,4
banho pet shop,0,1,0%,4
esteticista pet,0,1,0%,4
frete de animais,0,1,0%,4
loja pet perto de mim,0,1,0%,4
número de pet shop banho e tosa,0,1,0%,4
número de telefone pet shop,0,1,0%,4
patas pet,0,1,0%,4
pelagem,0,1,0%,4
pet patas,0,1,0%,4
pet shop proximo,0,1,0%,4
pet taxi transporte de animais,0,1,0%,4
pet tosa perto de mim,0,1,0%,4
pets banho e tosa,0,1,0%,4
taxi cachorro,0,1,0%,4
telefone de táxi dog,0,1,0%,4
transportadora de pet,0,1,0%,4
uberlandia,0,1,0%,4
amor em quatro patas,0,1,0%,5
banho e tosa de cachorro perto de mim,0,1,0%,5
banho e tosa.perto de mim,0,1,0%,5
frete de cachorro,0,1,0%,5
onde dar banho em cachorro perto de mim,0,1,0%,5
pet pelos e patas,0,1,0%,5
pet shop aberto agora perto de mim,0,1,0%,5
pet shop que dá banho em cachorro,0,1,0%,5
pet shops,0,1,0%,5
tosador,0,1,0%,5
táxi para cachorro,0,1,0%,5
umuarama,0,1,0%,5
banho e tosa delivery perto de mim,0,1,0%,6
banho e tosa leva e traz perto de mim,0,1,0%,6
banho e tosa mais perto de mim,0,1,0%,6
banho e tosa proximos,0,1,0%,6
banho e toza,0,1,0%,6
loja de pets perto de mim,0,1,0%,6
mesa de tosa pet shop,0,1,0%,6
pet shop banho e tosa perto de mim leva e traz,0,1,0%,6
pet shop banho perto de mim,0,1,0%,6
pet shop estetica animal,0,1,0%,6
pet shop leva e traz perto de mim,0,1,0%,6
pet shop para banho e tosa,0,1,0%,6
pet shop para cachorro bravo,0,1,0%,6
pets,0,1,0%,6
taxi cao,0,1,0%,6
taxi vet,0,1,0%,6
banho e tosa aqui perto de mim,0,1,0%,7
banho e tosa pet,0,1,0%,7
banho e tosa planalto,0,1,0%,7
de pet,0,1,0%,7
pet spa,0,1,0%,7
tosa de gato perto de mim,0,1,0%,7
whatsapp de pet shop,0,1,0%,7
banho e tosa higiênica perto de mim,0,1,0%,8
banho e tosa próximo,0,1,0%,8
banho e tosa próximo de mim,0,1,0%,8
banhoe tosa,0,1,0%,8
best groomer near me,0,1,0%,8
cachorro caramelo,0,1,0%,8
pelos e patas,0,1,0%,8
pet shop aberto próximo a mim,0,1,0%,8
pet shop barato perto de mim,0,1,0%,8
pet shop que da banho em gatos perto de mim,0,1,0%,8
táxi para pet,0,1,0%,8
amigo de patas pet shop,0,1,0%,9
dog teeth cleaning,0,1,0%,9
loja de coisas para cachorro,0,1,0%,9
pet center,0,1,0%,9
pet mania banho e tosa,0,1,0%,9
pet shop banho em gato,0,1,0%,9
pet shop centro,0,1,0%,9
pet shop santa rosa,0,1,0%,9
spa pet,0,1,0%,9
banho e tosa movel perto de mim,0,1,0%,10
banho e tosa perto de mim barato,0,1,0%,10
banho e tosa petshop,0,1,0%,10
mais pet,0,1,0%,10
peludinhos,0,1,0%,10
pet perto de mim,0,1,0%,10
pet shop especializado em spitz alemão,0,1,0%,10
pet shop gato,0,1,0%,10
pet shop love pet,0,1,0%,10
pet shop para dar banho,0,1,0%,10
taxi dog uberaba,0,1,0%,10
veterinaria,0,1,0%,10
banho e.tosa perto de mim,0,1,0%,11
bom pra cachorro pet shop,0,1,0%,11
patashop,0,1,0%,11
pet amor de patas,0,1,0%,11
pet shop amorim,0,1,0%,11
pet shop bairro brasil,0,1,0%,11
banho de pet perto de mim,0,1,0%,12
banho e tosa delivery,0,1,0%,12
banho e tosa hoje,0,1,0%,12
pet shop rondon,0,1,0%,16
petshop movel,0,1,0%,17
frequência de banho,0,1,0%,18
pet shop movel,0,1,0%,18
remédio para pet,0,1,0%,18
unha perto de mim,0,1,0%,18
animal,0,1,0%,20
banho em casa pet,0,1,0%,20
pet shop móvel perto de mim,0,1,0%,27
pet shop perto de mim banho,0,1,0%,27
banho e tosa gatos,0,1,0%,34
taxi uberlandia,0,1,0%,36
banho e tosa gato,0,1,0%,37
pet shop tibery,0,1,0%,38
banho e tosa perto de mim dentro de 800 m,0,1,0%,90
lojas floriano peixoto,0,1,0%,151
pet shop rua,0,1,0%,179