Páginas principais,Cliques,Impressões,CTR,Posição
https://amorepataspetshop.com.br/,103,8829,1.17%,6.4
https://amorepataspetshop.com.br/servico-taxi-dog,85,1177,7.22%,4.83
https://amorepataspetshop.com.br/servico-corte-unhas,4,105,3.81%,7.96
https://amorepataspetshop.com.br/servico-banho-tosa,3,577,0.52%,8.8
https://amorepataspetshop.com.br/cronograma-pelagem-tosa,3,121,2.48%,10.28
https://amorepataspetshop.com.br/pet-shop-uberlandia,2,255,0.78%,9.09
https://amorepataspetshop.com.br/servicos,1,304,0.33%,9.86
https://amorepataspetshop.com.br/sobre,1,267,0.37%,7.73
https://amorepataspetshop.com.br/servico-limpeza-orelhas,1,25,4%,4.92
https://amorepataspetshop.com.br/contato,0,718,0%,7.47
https://amorepataspetshop.com.br/politica-privacidade,0,50,0%,12.8
https://amorepataspetshop.com.br/blog/caes-de-grande-porte,0,4,0%,13.5
"https://amorepataspetshop.com.br/images/Amor-e-Patas-Pet-Shop-e-Estetica-Animal-pet 
shop-pet shop perto de mim-banho-e-tosa-Uberlandia_Counter_6.webp",0,3,0%,16.67
"https://amorepataspetshop.com.br/images/Amor-e-Patas-Pet-Shop-e-Estetica-Animal-pet 
shop-pet shop perto-de-mim-banho-e-tosa-Uberlandia_Counter_4.webp",0,2,0%,24.5
https://amorepataspetshop.com.br/images/Amor-e-Patas-Pet-Shop-e-Estetica-Animal-pet-shop-pet-shop-perto-de-mim-banho-e-tosa-Uberlandia_Counter.webp,0,1,0%,10
"https://amorepataspetshop.com.br/images/Amor-e-Patas-Pet-Shop-e-Estetica-Animal-pet 
shop-pet shop perto de mim-banho-e-tosa-Uberlandia_Counter_13.webp",0,1,0%,23
https://amorepataspetshop.com.br/images/Logo-Amor-e-Patas-Pet-Shop-e-Estetica-Animal-pet-shop-pet-shop-perto-de-mim-banho-e-tosa-Uberlandia_.webp,0,1,0%,25
"https://amorepataspetshop.com.br/images/Amor-e-Patas-Pet-Shop-e-Estetica-Animal-pet 
shop-pet shop perto de mim-banho-e-tosa-Uberlandia_Counter_12.webp",0,1,0%,32